text,threat_type,risk
Watch this official video from the minister announcing free grants: http://ecocash-verify.example.invalid/login,AI-Enabled Threat,High
FREE Telecel data bundle offer! Reply with your PIN to activate RTGS 2000 worth of data.,Financial Scam,High
Your OneMoney mini-statement: balance ZWL 50000. Thank you for banking with us.,Benign,Low
We need to confirm your identity. Send your ID card photo and PIN to continue.,Identity Fraud,High
Watch this official video from the minister announcing free grants: http://parcel-zw.example.invalid/pay,AI-Enabled Threat,High
"For your security, update your password from time to time in the official app.",Benign,Low
Security notice: update your CBZ password immediately via http://parcel-zw.example.invalid/pay.,Phishing,High
Confirm your email address to switch on notifications in the official app.,Benign,Low
Council notice: scheduled power maintenance tomorrow from 8 to 11am.,Benign,Low
"Dear customer, your ZB Bank account will be credited $10. Pay a $5 activation fee first.",Financial Scam,High
"School notice: term fees US$50 due Friday, pay at the school office.",Benign,Low
OneMoney ALERT: your account is suspended. Verify now at http://parcel-zw.example.invalid/pay to avoid closure.,Phishing,High
We need to confirm your identity. Send your ID card photo and PIN to continue.,Identity Fraud,High
Track your delivery now: www.econet-bonus.example.invalid,Malicious Link,Medium
You received $150 by mistake on EcoCash. Please reverse it back to this number urgently.,Financial Scam,High
Claim your NetOne reward here http://cbz-secure.example.invalid/auth - offer ends tonight!,Malicious Link,Medium
Track your delivery now: www.econet-bonus.example.invalid,Malicious Link,Medium
Steward Bank ALERT: your account is suspended. Verify now at http://cbz-secure.example.invalid/auth to avoid closure.,Phishing,High
Security notice: update your CBZ password immediately via http://parcel-zw.example.invalid/pay.,Phishing,High
Your ZB Bank mini-statement: balance US$50. Thank you for banking with us.,Benign,Low
Confirm your email address to switch on notifications in the official app.,Benign,Low
FREE Econet data bundle offer! Reply with your PIN to activate US$50 worth of data.,Financial Scam,High
NetOne recharge successful: ZWL 50000 airtime added to your line.,Benign,Low
"Voice note from your boss: please buy airtime worth $150 and send codes, I'm in a meeting.",AI-Enabled Threat,High
"Dear client, unusual login detected. Confirm your details here http://ecocash-verify.example.invalid/login within 24 hours.",Phishing,High
NetOne recharge successful: $20 airtime added to your line.,Benign,Low
KYC update required. Reply with your full ID number and date of birth to keep your account.,Identity Fraud,High
Congratulations! You have won RTGS 2000 in the Econet promotion. Send $3 to claim your prize now.,Financial Scam,High
"This is the CEO. I sent a voice note - process an urgent payment of ZWL 50000 now, keep it quiet.",AI-Enabled Threat,High
KYC update required. Reply with your full ID number and date of birth to keep your account.,Identity Fraud,High
"To verify your Steward Bank account, send a photo of your national ID and a selfie to this number.",Identity Fraud,High
Reminder: school fees are due on Friday. Please visit the bursar's office.,Benign,Low
"School notice: term fees US$50 due Friday, pay at the school office.",Benign,Low
You have 1 pending payment. Open http://cbz-secure.example.invalid/auth to release the funds.,Malicious Link,Medium
"To verify your Telecash account, send a photo of your national ID and a selfie to this number.",Identity Fraud,High
Your parcel is held at customs. Pay ZWL 50000 clearance fee immediately or it is returned.,Financial Scam,High
"Hi, are we still meeting at 3pm today?",Benign,Low
Your card ending 12 was used for RTGS 2000 at a store. Contact us if this was not you.,Benign,Low
"Hello, I am stuck and need US$50 urgently. Send to this EcoCash number, I will repay tomorrow.",Financial Scam,High
NetOne recharge successful: $10 airtime added to your line.,Benign,Low
"Hello, I am stuck and need US$50 urgently. Send to this EcoCash number, I will repay tomorrow.",Financial Scam,High
Your ZB Bank wallet is locked. Log in at www.econet-bonus.example.invalid and enter your PIN to unlock.,Phishing,High
Your CBZ wallet is locked. Log in at http://ecocash-verify.example.invalid/login and enter your PIN to unlock.,Phishing,High
"Your verification code is 7765. Keep it private, we will never ask for it.",Benign,Low
Security notice: update your Telecash password immediately via http://bit.example.invalid/claim.,Phishing,High
Reminder: school fees are due on Friday. Please visit the bursar's office.,Benign,Low
You have 1 pending payment. Open http://bit.example.invalid/claim to release the funds.,Malicious Link,Medium
"To verify your Steward Bank account, send a photo of your national ID and a selfie to this number.",Identity Fraud,High
"Hello, I am stuck and need ZWL 50000 urgently. Send to this NMB number, I will repay tomorrow.",Financial Scam,High
"To verify your CBZ account, send a photo of your national ID and a selfie to this number.",Identity Fraud,High
Congratulations! You have won US$50 in the NetOne promotion. Send $3 to claim your prize now.,Financial Scam,High
"Dear customer, your Steward Bank account will be credited ZWL 50000. Pay a RTGS 2000 activation fee first.",Financial Scam,High
Congratulations! You have won $5 in the NetOne promotion. Send $3 to claim your prize now.,Financial Scam,High
Watch this official video from the minister announcing free grants: http://bit.example.invalid/claim,AI-Enabled Threat,High
"To verify your CBZ account, send a photo of your national ID and a selfie to this number.",Identity Fraud,High
You have 1 pending payment. Open http://bit.example.invalid/claim to release the funds.,Malicious Link,Medium
Your parcel is held at customs. Pay US$50 clearance fee immediately or it is returned.,Financial Scam,High
Thanks for your payment. Your order will be delivered tomorrow.,Benign,Low
You received RTGS 2000 by mistake on EcoCash. Please reverse it back to this number urgently.,Financial Scam,High
Steward Bank ALERT: your account is suspended. Verify now at http://ecocash-verify.example.invalid/login to avoid closure.,Phishing,High
"Dear customer, your Steward Bank account will be credited ZWL 50000. Pay a $20 activation fee first.",Financial Scam,High
Track your delivery now: http://bit.example.invalid/claim,Malicious Link,Medium
"For your security, update your password from time to time in the official app.",Benign,Low
"To verify your OneMoney account, send a photo of your national ID and a selfie to this number.",Identity Fraud,High
"Voice note from your boss: please buy airtime worth $20 and send codes, I'm in a meeting.",AI-Enabled Threat,High
Confirm your email address to switch on notifications in the official app.,Benign,Low
Your card ending 12 was used for $150 at a store. Contact us if this was not you.,Benign,Low
Your EcoCash wallet is locked. Log in at http://parcel-zw.example.invalid/pay and enter your PIN to unlock.,Phishing,High
FREE Econet data bundle offer! Reply with your PIN to activate $10 worth of data.,Financial Scam,High
"Hi, are we still meeting at 3pm today?",Benign,Low
Job offer: earn $5 weekly from home. Pay $10 registration to start today.,Financial Scam,High
Thanks for your payment. Your order will be delivered tomorrow.,Benign,Low
Watch this official video from the minister announcing free grants: http://ecocash-verify.example.invalid/login,AI-Enabled Threat,High
We need to confirm your identity. Send your ID card photo and PIN to continue.,Identity Fraud,High
"Dear client, unusual login detected. Confirm your details here http://ecocash-verify.example.invalid/login within 24 hours.",Phishing,High
Reminder: school fees are due on Friday. Please visit the bursar's office.,Benign,Low
"Hi, are we still meeting at 3pm today?",Benign,Low
Thanks for your payment. Your order will be delivered tomorrow.,Benign,Low
Track your delivery now: www.econet-bonus.example.invalid,Malicious Link,Medium
Your NetOne airtime balance is $5. Thank you.,Benign,Low
"Dear customer, your OneMoney account will be credited US$50. Pay a US$50 activation fee first.",Financial Scam,High
Your parcel is held at customs. Pay RTGS 2000 clearance fee immediately or it is returned.,Financial Scam,High
Track your delivery now: http://ecocash-verify.example.invalid/login,Malicious Link,Medium
We need to confirm your identity. Send your ID card photo and PIN to continue.,Identity Fraud,High
Watch this official video from the minister announcing free grants: http://cbz-secure.example.invalid/auth,AI-Enabled Threat,High
"Voice note from your boss: please buy airtime worth RTGS 2000 and send codes, I'm in a meeting.",AI-Enabled Threat,High
Watch this official video from the minister announcing free grants: http://cbz-secure.example.invalid/auth,AI-Enabled Threat,High
"Hello, I am stuck and need ZWL 50000 urgently. Send to this NMB number, I will repay tomorrow.",Financial Scam,High
Telecash ALERT: your account is suspended. Verify now at http://cbz-secure.example.invalid/auth to avoid closure.,Phishing,High
"You logged in to CBZ successfully. If this was not you, call the branch.",Benign,Low
Job offer: earn $20 weekly from home. Pay US$50 registration to start today.,Financial Scam,High
"Hi, are we still meeting at 3pm today?",Benign,Low
"For your security, update your password from time to time in the official app.",Benign,Low
Job offer: earn $10 weekly from home. Pay $150 registration to start today.,Financial Scam,High
"To verify your EcoCash account, send a photo of your national ID and a selfie to this number.",Identity Fraud,High
"School notice: term fees $10 due Friday, pay at the school office.",Benign,Low
"Your verification code is 7765. Keep it private, we will never ask for it.",Benign,Low
Job offer: earn $20 weekly from home. Pay $5 registration to start today.,Financial Scam,High
"Voice note from your boss: please buy airtime worth $20 and send codes, I'm in a meeting.",AI-Enabled Threat,High
Track your delivery now: http://cbz-secure.example.invalid/auth,Malicious Link,Medium
Your Econet airtime balance is $150. Thank you.,Benign,Low
"This is the CEO. I sent a voice note - process an urgent payment of $150 now, keep it quiet.",AI-Enabled Threat,High
You have 1 pending payment. Open http://parcel-zw.example.invalid/pay to release the funds.,Malicious Link,Medium
KYC update required. Reply with your full ID number and date of birth to keep your account.,Identity Fraud,High
Your card ending 12 was used for $10 at a store. Contact us if this was not you.,Benign,Low
Council notice: scheduled power maintenance tomorrow from 8 to 11am.,Benign,Low
"You logged in to ZB Bank successfully. If this was not you, call the branch.",Benign,Low
We need to confirm your identity. Send your ID card photo and PIN to continue.,Identity Fraud,High
Job offer: earn ZWL 50000 weekly from home. Pay US$50 registration to start today.,Financial Scam,High
Your NMB mini-statement: balance ZWL 50000. Thank you for banking with us.,Benign,Low
Reminder: school fees are due on Friday. Please visit the bursar's office.,Benign,Low
"Hi, are we still meeting at 3pm today?",Benign,Low
"Hello, I am stuck and need $150 urgently. Send to this NMB number, I will repay tomorrow.",Financial Scam,High
NetOne recharge successful: ZWL 50000 airtime added to your line.,Benign,Low
"Hi, are we still meeting at 3pm today?",Benign,Low
"Voice note from your boss: please buy airtime worth RTGS 2000 and send codes, I'm in a meeting.",AI-Enabled Threat,High
"Your verification code is 7765. Keep it private, we will never ask for it.",Benign,Low
Council notice: scheduled power maintenance tomorrow from 8 to 11am.,Benign,Low
Your NetOne airtime balance is $5. Thank you.,Benign,Low
Your EcoCash wallet is locked. Log in at http://ecocash-verify.example.invalid/login and enter your PIN to unlock.,Phishing,High
Council notice: scheduled power maintenance tomorrow from 8 to 11am.,Benign,Low
Job offer: earn $20 weekly from home. Pay $5 registration to start today.,Financial Scam,High
Your Telecash wallet is locked. Log in at www.econet-bonus.example.invalid and enter your PIN to unlock.,Phishing,High
Reminder: school fees are due on Friday. Please visit the bursar's office.,Benign,Low
Your card ending 12 was used for $5 at a store. Contact us if this was not you.,Benign,Low
"Voice note from your boss: please buy airtime worth $150 and send codes, I'm in a meeting.",AI-Enabled Threat,High
"School notice: term fees US$50 due Friday, pay at the school office.",Benign,Low
Security notice: update your CBZ password immediately via http://cbz-secure.example.invalid/auth.,Phishing,High
"This is the CEO. I sent a voice note - process an urgent payment of ZWL 50000 now, keep it quiet.",AI-Enabled Threat,High
You received $150 by mistake on Steward Bank. Please reverse it back to this number urgently.,Financial Scam,High
FREE Econet data bundle offer! Reply with your PIN to activate $5 worth of data.,Financial Scam,High
"This is the CEO. I sent a voice note - process an urgent payment of US$50 now, keep it quiet.",AI-Enabled Threat,High
Claim your NetOne reward here http://bit.example.invalid/claim - offer ends tonight!,Malicious Link,Medium
Council notice: scheduled power maintenance tomorrow from 8 to 11am.,Benign,Low
Your OneMoney wallet is locked. Log in at http://bit.example.invalid/claim and enter your PIN to unlock.,Phishing,High
"For your security, update your password from time to time in the official app.",Benign,Low
Your NetOne airtime balance is ZWL 50000. Thank you.,Benign,Low
You have 1 pending payment. Open http://cbz-secure.example.invalid/auth to release the funds.,Malicious Link,Medium
"Your verification code is 9930. Keep it private, we will never ask for it.",Benign,Low
"Dear client, unusual login detected. Confirm your details here http://ecocash-verify.example.invalid/login within 24 hours.",Phishing,High
Telecel recharge successful: RTGS 2000 airtime added to your line.,Benign,Low
KYC update required. Reply with your full ID number and date of birth to keep your account.,Identity Fraud,High
KYC update required. Reply with your full ID number and date of birth to keep your account.,Identity Fraud,High
Security notice: update your CBZ password immediately via http://ecocash-verify.example.invalid/login.,Phishing,High
"For your security, update your password from time to time in the official app.",Benign,Low
Your card ending 12 was used for $150 at a store. Contact us if this was not you.,Benign,Low
You received $20 by mistake on Telecash. Please reverse it back to this number urgently.,Financial Scam,High
Congratulations! You have won $150 in the Econet promotion. Send $3 to claim your prize now.,Financial Scam,High
Thanks for your payment. Your order will be delivered tomorrow.,Benign,Low
"Your verification code is 7765. Keep it private, we will never ask for it.",Benign,Low
Your Econet airtime balance is $150. Thank you.,Benign,Low
Claim your NetOne reward here http://parcel-zw.example.invalid/pay - offer ends tonight!,Malicious Link,Medium
Confirm your email address to switch on notifications in the official app.,Benign,Low
KYC update required. Reply with your full ID number and date of birth to keep your account.,Identity Fraud,High
Your Steward Bank mini-statement: balance RTGS 2000. Thank you for banking with us.,Benign,Low
Security notice: update your OneMoney password immediately via www.econet-bonus.example.invalid.,Phishing,High
NetOne recharge successful: $20 airtime added to your line.,Benign,Low
Your parcel is held at customs. Pay RTGS 2000 clearance fee immediately or it is returned.,Financial Scam,High
Congratulations! You have won ZWL 50000 in the Telecel promotion. Send $3 to claim your prize now.,Financial Scam,High
"Dear client, unusual login detected. Confirm your details here http://bit.example.invalid/claim within 24 hours.",Phishing,High
We need to confirm your identity. Send your ID card photo and PIN to continue.,Identity Fraud,High
Confirm your email address to switch on notifications in the official app.,Benign,Low
"Hello, I am stuck and need RTGS 2000 urgently. Send to this ZB Bank number, I will repay tomorrow.",Financial Scam,High
Your Steward Bank mini-statement: balance $10. Thank you for banking with us.,Benign,Low
"Dear client, unusual login detected. Confirm your details here http://cbz-secure.example.invalid/auth within 24 hours.",Phishing,High
"Your verification code is 7765. Keep it private, we will never ask for it.",Benign,Low
"For your security, update your password from time to time in the official app.",Benign,Low
"School notice: term fees $5 due Friday, pay at the school office.",Benign,Low
"Dear customer, your Telecash account will be credited US$50. Pay a $10 activation fee first.",Financial Scam,High
ZB Bank ALERT: your account is suspended. Verify now at http://parcel-zw.example.invalid/pay to avoid closure.,Phishing,High
"You logged in to EcoCash successfully. If this was not you, call the branch.",Benign,Low
"This is the CEO. I sent a voice note - process an urgent payment of $10 now, keep it quiet.",AI-Enabled Threat,High
Confirm your email address to switch on notifications in the official app.,Benign,Low
Telecash ALERT: your account is suspended. Verify now at http://bit.example.invalid/claim to avoid closure.,Phishing,High
Congratulations! You have won RTGS 2000 in the Econet promotion. Send $3 to claim your prize now.,Financial Scam,High
You have 1 pending payment. Open http://parcel-zw.example.invalid/pay to release the funds.,Malicious Link,Medium
"This is the CEO. I sent a voice note - process an urgent payment of US$50 now, keep it quiet.",AI-Enabled Threat,High
Thanks for your payment. Your order will be delivered tomorrow.,Benign,Low
"Hello, I am stuck and need RTGS 2000 urgently. Send to this ZB Bank number, I will repay tomorrow.",Financial Scam,High
You received US$50 by mistake on NMB. Please reverse it back to this number urgently.,Financial Scam,High
Your Telecel airtime balance is ZWL 50000. Thank you.,Benign,Low
Security notice: update your EcoCash password immediately via http://parcel-zw.example.invalid/pay.,Phishing,High
Watch this official video from the minister announcing free grants: www.econet-bonus.example.invalid,AI-Enabled Threat,High
Thanks for your payment. Your order will be delivered tomorrow.,Benign,Low
Council notice: scheduled power maintenance tomorrow from 8 to 11am.,Benign,Low
"For your security, update your password from time to time in the official app.",Benign,Low
Claim your NetOne reward here http://ecocash-verify.example.invalid/login - offer ends tonight!,Malicious Link,Medium
Your ZB Bank mini-statement: balance $20. Thank you for banking with us.,Benign,Low
"Dear customer, your Telecash account will be credited $5. Pay a $5 activation fee first.",Financial Scam,High
Reminder: school fees are due on Friday. Please visit the bursar's office.,Benign,Low
You received $20 by mistake on Telecash. Please reverse it back to this number urgently.,Financial Scam,High
We need to confirm your identity. Send your ID card photo and PIN to continue.,Identity Fraud,High
"Dear client, unusual login detected. Confirm your details here http://parcel-zw.example.invalid/pay within 24 hours.",Phishing,High
Your CBZ wallet is locked. Log in at http://bit.example.invalid/claim and enter your PIN to unlock.,Phishing,High
You received ZWL 50000 by mistake on ZB Bank. Please reverse it back to this number urgently.,Financial Scam,High
FREE Telecel data bundle offer! Reply with your PIN to activate ZWL 50000 worth of data.,Financial Scam,High
Track your delivery now: http://ecocash-verify.example.invalid/login,Malicious Link,Medium
Your Econet airtime balance is $10. Thank you.,Benign,Low
"Voice note from your boss: please buy airtime worth $10 and send codes, I'm in a meeting.",AI-Enabled Threat,High
Your parcel is held at customs. Pay RTGS 2000 clearance fee immediately or it is returned.,Financial Scam,High
FREE NetOne data bundle offer! Reply with your PIN to activate US$50 worth of data.,Financial Scam,High
Congratulations! You have won $20 in the Telecel promotion. Send $3 to claim your prize now.,Financial Scam,High
Thanks for your payment. Your order will be delivered tomorrow.,Benign,Low
Claim your Telecel reward here http://ecocash-verify.example.invalid/login - offer ends tonight!,Malicious Link,Medium
Confirm your email address to switch on notifications in the official app.,Benign,Low
"Dear customer, your Telecash account will be credited RTGS 2000. Pay a US$50 activation fee first.",Financial Scam,High
"You logged in to EcoCash successfully. If this was not you, call the branch.",Benign,Low
"You logged in to EcoCash successfully. If this was not you, call the branch.",Benign,Low
"You logged in to NMB successfully. If this was not you, call the branch.",Benign,Low
Reminder: school fees are due on Friday. Please visit the bursar's office.,Benign,Low
"Hi, are we still meeting at 3pm today?",Benign,Low
Council notice: scheduled power maintenance tomorrow from 8 to 11am.,Benign,Low
KYC update required. Reply with your full ID number and date of birth to keep your account.,Identity Fraud,High
"School notice: term fees $150 due Friday, pay at the school office.",Benign,Low
Claim your NetOne reward here http://bit.example.invalid/claim - offer ends tonight!,Malicious Link,Medium
"This is the CEO. I sent a voice note - process an urgent payment of ZWL 50000 now, keep it quiet.",AI-Enabled Threat,High
CBZ ALERT: your account is suspended. Verify now at www.econet-bonus.example.invalid to avoid closure.,Phishing,High
FREE Telecel data bundle offer! Reply with your PIN to activate US$50 worth of data.,Financial Scam,High
Your parcel is held at customs. Pay $10 clearance fee immediately or it is returned.,Financial Scam,High
"You logged in to Telecash successfully. If this was not you, call the branch.",Benign,Low
"School notice: term fees US$50 due Friday, pay at the school office.",Benign,Low
You have 1 pending payment. Open http://parcel-zw.example.invalid/pay to release the funds.,Malicious Link,Medium
"Dear client, unusual login detected. Confirm your details here www.econet-bonus.example.invalid within 24 hours.",Phishing,High
NetOne recharge successful: ZWL 50000 airtime added to your line.,Benign,Low
Job offer: earn $10 weekly from home. Pay ZWL 50000 registration to start today.,Financial Scam,High
"Your verification code is 1127. Keep it private, we will never ask for it.",Benign,Low
Your card ending 12 was used for $150 at a store. Contact us if this was not you.,Benign,Low
Your card ending 12 was used for ZWL 50000 at a store. Contact us if this was not you.,Benign,Low
Your parcel is held at customs. Pay RTGS 2000 clearance fee immediately or it is returned.,Financial Scam,High
Your OneMoney mini-statement: balance $10. Thank you for banking with us.,Benign,Low
Claim your NetOne reward here http://ecocash-verify.example.invalid/login - offer ends tonight!,Malicious Link,Medium
